{"cameraMode":{"drawMode":0,"name":"Shaded","section":"Shading Mode"},"sceneLighting":true,"audioPlay":false,"sceneViewState":{"showFog":false,"showMaterialUpdate":false,"showSkybox":false,"showFlares":false,"showImageEffects":false,"showParticleSystems":false},"in2DMode":false,"pivot":{"x":-2.0613796710968019,"y":-4.349521160125732,"z":-4.457508563995361},"rotation":{"x":-0.08587149530649185,"y":0.7893606424331665,"z":-0.11350173503160477,"w":-0.5972150564193726},"size":11.531106948852539,"orthographic":false}